Industry,State,Population
"Agriculture, forestry, fishing and hunting, and mining",Alabama,"26,729"
"Agriculture, forestry, fishing and hunting, and mining",Alaska,"16,537"
"Agriculture, forestry, fishing and hunting, and mining",Arizona,"45,620"
"Agriculture, forestry, fishing and hunting, and mining",Arkansas,"36,488"
"Agriculture, forestry, fishing and hunting, and mining",California,"409,074"
"Agriculture, forestry, fishing and hunting, and mining",Colorado,"74,169"
"Agriculture, forestry, fishing and hunting, and mining",Connecticut,"7,990"
"Agriculture, forestry, fishing and hunting, and mining",Delaware,"5,917"
"Agriculture, forestry, fishing and hunting, and mining",District of Columbia,790
"Agriculture, forestry, fishing and hunting, and mining",Florida,"83,241"
"Agriculture, forestry, fishing and hunting, and mining",Georgia,"48,994"
"Agriculture, forestry, fishing and hunting, and mining",Hawaii,"10,265"
"Agriculture, forestry, fishing and hunting, and mining",Idaho,"39,187"
"Agriculture, forestry, fishing and hunting, and mining",Illinois,"61,527"
"Agriculture, forestry, fishing and hunting, and mining",Indiana,"41,079"
"Agriculture, forestry, fishing and hunting, and mining",Iowa,"60,645"
"Agriculture, forestry, fishing and hunting, and mining",Kansas,"44,765"
"Agriculture, forestry, fishing and hunting, and mining",Kentucky,"38,960"
"Agriculture, forestry, fishing and hunting, and mining",Louisiana,"77,379"
"Agriculture, forestry, fishing and hunting, and mining",Maine,"19,083"
"Agriculture, forestry, fishing and hunting, and mining",Maryland,"17,758"
"Agriculture, forestry, fishing and hunting, and mining",Massachusetts,"16,116"
"Agriculture, forestry, fishing and hunting, and mining",Michigan,"56,518"
"Agriculture, forestry, fishing and hunting, and mining",Minnesota,"61,997"
"Agriculture, forestry, fishing and hunting, and mining",Mississippi,"27,179"
"Agriculture, forestry, fishing and hunting, and mining",Missouri,"46,132"
"Agriculture, forestry, fishing and hunting, and mining",Montana,"31,431"
"Agriculture, forestry, fishing and hunting, and mining",Nebraska,"46,776"
"Agriculture, forestry, fishing and hunting, and mining",Nevada,"21,632"
"Agriculture, forestry, fishing and hunting, and mining",New Hampshire,"5,471"
"Agriculture, forestry, fishing and hunting, and mining",New Jersey,"15,873"
"Agriculture, forestry, fishing and hunting, and mining",New Mexico,"39,725"
"Agriculture, forestry, fishing and hunting, and mining",New York,"55,788"
"Agriculture, forestry, fishing and hunting, and mining",North Carolina,"56,376"
"Agriculture, forestry, fishing and hunting, and mining",North Dakota,"38,310"
"Agriculture, forestry, fishing and hunting, and mining",Ohio,"52,106"
"Agriculture, forestry, fishing and hunting, and mining",Oklahoma,"82,289"
"Agriculture, forestry, fishing and hunting, and mining",Oregon,"59,775"
"Agriculture, forestry, fishing and hunting, and mining",Pennsylvania,"79,794"
"Agriculture, forestry, fishing and hunting, and mining",Rhode Island,"1,919"
"Agriculture, forestry, fishing and hunting, and mining",South Carolina,"21,668"
"Agriculture, forestry, fishing and hunting, and mining",South Dakota,"29,353"
"Agriculture, forestry, fishing and hunting, and mining",Tennessee,"28,342"
"Agriculture, forestry, fishing and hunting, and mining",Texas,"405,332"
"Agriculture, forestry, fishing and hunting, and mining",Utah,"26,845"
"Agriculture, forestry, fishing and hunting, and mining",Vermont,"8,209"
"Agriculture, forestry, fishing and hunting, and mining",Virginia,"34,735"
"Agriculture, forestry, fishing and hunting, and mining",Washington,"96,356"
"Agriculture, forestry, fishing and hunting, and mining",West Virginia,"26,815"
"Agriculture, forestry, fishing and hunting, and mining",Wisconsin,"60,075"
"Agriculture, forestry, fishing and hunting, and mining",Wyoming,"32,253"
Construction,Alabama,"147,876"
Construction,Alaska,"22,264"
Construction,Arizona,"254,442"
Construction,Arkansas,"93,581"
Construction,California,"1,288,091"
Construction,Colorado,"240,669"
Construction,Connecticut,"113,732"
Construction,Delaware,"32,366"
Construction,District of Columbia,"11,348"
Construction,Florida,"821,950"
Construction,Georgia,"335,125"
Construction,Hawaii,"48,408"
Construction,Idaho,"75,403"
Construction,Illinois,"347,653"
Construction,Indiana,"201,769"
Construction,Iowa,"108,780"
Construction,Kansas,"96,010"
Construction,Kentucky,"123,911"
Construction,Louisiana,"168,126"
Construction,Maine,"52,029"
Construction,Maryland,"229,044"
Construction,Massachusetts,"218,644"
Construction,Michigan,"272,095"
Construction,Minnesota,"188,532"
Construction,Mississippi,"83,950"
Construction,Missouri,"194,488"
Construction,Montana,"41,457"
Construction,Nebraska,"76,754"
Construction,Nevada,"112,780"
Construction,New Hampshire,"53,734"
Construction,New Jersey,"283,676"
Construction,New Mexico,"65,336"
Construction,New York,"575,689"
Construction,North Carolina,"378,771"
Construction,North Dakota,"29,811"
Construction,Ohio,"332,681"
Construction,Oklahoma,"123,707"
Construction,Oregon,"129,498"
Construction,Pennsylvania,"385,018"
Construction,Rhode Island,"30,431"
Construction,South Carolina,"170,579"
Construction,South Dakota,"28,200"
Construction,Tennessee,"222,321"
Construction,Texas,"1,253,160"
Construction,Utah,"126,797"
Construction,Vermont,"25,594"
Construction,Virginia,"289,230"
Construction,Washington,"273,276"
Construction,West Virginia,"52,524"
Construction,Wisconsin,"181,292"
Construction,Wyoming,"24,292"
Manufacturing,Alabama,"312,479"
Manufacturing,Alaska,"14,085"
Manufacturing,Arizona,"232,380"
Manufacturing,Arkansas,"182,503"
Manufacturing,California,"1,660,969"
Manufacturing,Colorado,"206,410"
Manufacturing,Connecticut,"180,833"
Manufacturing,Delaware,"31,927"
Manufacturing,District of Columbia,"4,372"
Manufacturing,Florida,"487,649"
Manufacturing,Georgia,"528,066"
Manufacturing,Hawaii,"19,190"
Manufacturing,Idaho,"81,334"
Manufacturing,Illinois,"743,505"
Manufacturing,Indiana,"604,960"
Manufacturing,Iowa,"244,944"
Manufacturing,Kansas,"183,194"
Manufacturing,Kentucky,"285,253"
Manufacturing,Louisiana,"148,633"
Manufacturing,Maine,"59,875"
Manufacturing,Maryland,"133,378"
Manufacturing,Massachusetts,"319,489"
Manufacturing,Michigan,"878,855"
Manufacturing,Minnesota,"402,190"
Manufacturing,Mississippi,"167,001"
Manufacturing,Missouri,"325,633"
Manufacturing,Montana,"25,458"
Manufacturing,Nebraska,"101,861"
Manufacturing,Nevada,"73,822"
Manufacturing,New Hampshire,"98,275"
Manufacturing,New Jersey,"359,650"
Manufacturing,New Mexico,"37,283"
Manufacturing,New York,"551,686"
Manufacturing,North Carolina,"583,235"
Manufacturing,North Dakota,"26,827"
Manufacturing,Ohio,"869,642"
Manufacturing,Oklahoma,"169,886"
Manufacturing,Oregon,"226,458"
Manufacturing,Pennsylvania,"724,846"
Manufacturing,Rhode Island,"59,501"
Manufacturing,South Carolina,"322,109"
Manufacturing,South Dakota,"48,511"
Manufacturing,Tennessee,"422,758"
Manufacturing,Texas,"1,173,051"
Manufacturing,Utah,"155,504"
Manufacturing,Vermont,"34,006"
Manufacturing,Virginia,"297,017"
Manufacturing,Washington,"354,370"
Manufacturing,West Virginia,"58,568"
Manufacturing,Wisconsin,"546,578"
Manufacturing,Wyoming,"10,689"
Wholesale trade,Alabama,"56,725"
Wholesale trade,Alaska,"6,333"
Wholesale trade,Arizona,"75,382"
Wholesale trade,Arkansas,"30,808"
Wholesale trade,California,"516,975"
Wholesale trade,Colorado,"72,572"
Wholesale trade,Connecticut,"42,782"
Wholesale trade,Delaware,"9,236"
Wholesale trade,District of Columbia,"1,364"
Wholesale trade,Florida,"258,452"
Wholesale trade,Georgia,"142,736"
Wholesale trade,Hawaii,"15,576"
Wholesale trade,Idaho,"21,815"
Wholesale trade,Illinois,"181,683"
Wholesale trade,Indiana,"82,382"
Wholesale trade,Iowa,"42,567"
Wholesale trade,Kansas,"36,966"
Wholesale trade,Kentucky,"52,172"
Wholesale trade,Louisiana,"51,482"
Wholesale trade,Maine,"13,709"
Wholesale trade,Maryland,"52,039"
Wholesale trade,Massachusetts,"77,541"
Wholesale trade,Michigan,"114,985"
Wholesale trade,Minnesota,"83,822"
Wholesale trade,Mississippi,"32,996"
Wholesale trade,Missouri,"79,539"
Wholesale trade,Montana,"12,070"
Wholesale trade,Nebraska,"23,839"
Wholesale trade,Nevada,"28,618"
Wholesale trade,New Hampshire,"18,121"
Wholesale trade,New Jersey,"143,970"
Wholesale trade,New Mexico,"15,790"
Wholesale trade,New York,"218,852"
Wholesale trade,North Carolina,"123,151"
Wholesale trade,North Dakota,"15,553"
Wholesale trade,Ohio,"143,982"
Wholesale trade,Oklahoma,"43,448"
Wholesale trade,Oregon,"53,285"
Wholesale trade,Pennsylvania,"161,419"
Wholesale trade,Rhode Island,"13,850"
Wholesale trade,South Carolina,"53,640"
Wholesale trade,South Dakota,"13,167"
Wholesale trade,Tennessee,"82,343"
Wholesale trade,Texas,"381,309"
Wholesale trade,Utah,"36,779"
Wholesale trade,Vermont,"5,979"
Wholesale trade,Virginia,"69,338"
Wholesale trade,Washington,"104,051"
Wholesale trade,West Virginia,"14,462"
Wholesale trade,Wisconsin,"78,643"
Wholesale trade,Wyoming,"5,070"
Retail trade,Alabama,"238,689"
Retail trade,Alaska,"34,999"
Retail trade,Arizona,"391,096"
Retail trade,Arkansas,"171,412"
Retail trade,California,"1,939,035"
Retail trade,Colorado,"300,306"
Retail trade,Connecticut,"191,226"
Retail trade,Delaware,"53,812"
Retail trade,District of Columbia,"16,502"
Retail trade,Florida,"1,241,119"
Retail trade,Georgia,"537,101"
Retail trade,Hawaii,"77,599"
Retail trade,Idaho,"103,518"
Retail trade,Illinois,"639,355"
Retail trade,Indiana,"354,916"
Retail trade,Iowa,"179,895"
Retail trade,Kansas,"151,293"
Retail trade,Kentucky,"240,764"
Retail trade,Louisiana,"234,195"
Retail trade,Maine,"85,525"
Retail trade,Maryland,"278,950"
Retail trade,Massachusetts,"376,956"
Retail trade,Michigan,"497,136"
Retail trade,Minnesota,"322,024"
Retail trade,Mississippi,"135,067"
Retail trade,Missouri,"331,918"
Retail trade,Montana,"69,014"
Retail trade,Nebraska,"105,455"
Retail trade,Nevada,"165,936"
Retail trade,New Hampshire,"89,439"
Retail trade,New Jersey,"462,786"
Retail trade,New Mexico,"99,485"
Retail trade,New York,"926,508"
Retail trade,North Carolina,"549,711"
Retail trade,North Dakota,"46,070"
Retail trade,Ohio,"644,443"
Retail trade,Oklahoma,"203,030"
Retail trade,Oregon,"238,669"
Retail trade,Pennsylvania,"678,014"
Retail trade,Rhode Island,"63,369"
Retail trade,South Carolina,"270,373"
Retail trade,South Dakota,"47,067"
Retail trade,Tennessee,"358,611"
Retail trade,Texas,"1,543,696"
Retail trade,Utah,"181,789"
Retail trade,Vermont,"38,130"
Retail trade,Virginia,"431,185"
Retail trade,Washington,"422,391"
Retail trade,West Virginia,"96,922"
Retail trade,Wisconsin,"330,257"
Retail trade,Wyoming,"29,876"
"Transportation and warehousing, and utilities",Alabama,"116,043"
"Transportation and warehousing, and utilities",Alaska,"32,272"
"Transportation and warehousing, and utilities",Arizona,"184,363"
"Transportation and warehousing, and utilities",Arkansas,"79,531"
"Transportation and warehousing, and utilities",California,"1,089,249"
"Transportation and warehousing, and utilities",Colorado,"145,465"
"Transportation and warehousing, and utilities",Connecticut,"80,333"
"Transportation and warehousing, and utilities",Delaware,"26,372"
"Transportation and warehousing, and utilities",District of Columbia,"10,394"
"Transportation and warehousing, and utilities",Florida,"593,055"
"Transportation and warehousing, and utilities",Georgia,"358,385"
"Transportation and warehousing, and utilities",Hawaii,"41,931"
"Transportation and warehousing, and utilities",Idaho,"40,794"
"Transportation and warehousing, and utilities",Illinois,"436,641"
"Transportation and warehousing, and utilities",Indiana,"190,656"
"Transportation and warehousing, and utilities",Iowa,"82,311"
"Transportation and warehousing, and utilities",Kansas,"73,292"
"Transportation and warehousing, and utilities",Kentucky,"126,620"
"Transportation and warehousing, and utilities",Louisiana,"116,033"
"Transportation and warehousing, and utilities",Maine,"27,095"
"Transportation and warehousing, and utilities",Maryland,"150,107"
"Transportation and warehousing, and utilities",Massachusetts,"162,323"
"Transportation and warehousing, and utilities",Michigan,"207,441"
"Transportation and warehousing, and utilities",Minnesota,"142,804"
"Transportation and warehousing, and utilities",Mississippi,"84,657"
"Transportation and warehousing, and utilities",Missouri,"171,913"
"Transportation and warehousing, and utilities",Montana,"25,341"
"Transportation and warehousing, and utilities",Nebraska,"55,880"
"Transportation and warehousing, and utilities",Nevada,"98,238"
"Transportation and warehousing, and utilities",New Hampshire,"30,877"
"Transportation and warehousing, and utilities",New Jersey,"298,291"
"Transportation and warehousing, and utilities",New Mexico,"40,356"
"Transportation and warehousing, and utilities",New York,"550,264"
"Transportation and warehousing, and utilities",North Carolina,"251,057"
"Transportation and warehousing, and utilities",North Dakota,"19,930"
"Transportation and warehousing, and utilities",Ohio,"299,748"
"Transportation and warehousing, and utilities",Oklahoma,"101,414"
"Transportation and warehousing, and utilities",Oregon,"94,196"
"Transportation and warehousing, and utilities",Pennsylvania,"372,818"
"Transportation and warehousing, and utilities",Rhode Island,"23,706"
"Transportation and warehousing, and utilities",South Carolina,"126,028"
"Transportation and warehousing, and utilities",South Dakota,"21,830"
"Transportation and warehousing, and utilities",Tennessee,"220,427"
"Transportation and warehousing, and utilities",Texas,"841,990"
"Transportation and warehousing, and utilities",Utah,"83,130"
"Transportation and warehousing, and utilities",Vermont,"9,622"
"Transportation and warehousing, and utilities",Virginia,"198,501"
"Transportation and warehousing, and utilities",Washington,"203,004"
"Transportation and warehousing, and utilities",West Virginia,"46,323"
"Transportation and warehousing, and utilities",Wisconsin,"138,086"
"Transportation and warehousing, and utilities",Wyoming,"16,868"
Information,Alabama,"28,935"
Information,Alaska,"6,274"
Information,Arizona,"52,036"
Information,Arkansas,"15,800"
Information,California,"541,920"
Information,Colorado,"84,836"
Information,Connecticut,"32,903"
Information,Delaware,"6,264"
Information,District of Columbia,"14,108"
Information,Florida,"162,362"
Information,Georgia,"113,416"
Information,Hawaii,"8,761"
Information,Idaho,"13,352"
Information,Illinois,"100,260"
Information,Indiana,"43,548"
Information,Iowa,"23,949"
Information,Kansas,"25,673"
Information,Kentucky,"23,935"
Information,Louisiana,"29,302"
Information,Maine,"10,703"
Information,Maryland,"47,647"
Information,Massachusetts,"83,751"
Information,Michigan,"57,036"
Information,Minnesota,"46,224"
Information,Mississippi,"13,188"
Information,Missouri,"51,314"
Information,Montana,"7,809"
Information,Nebraska,"17,449"
Information,Nevada,"23,234"
Information,New Hampshire,"15,557"
Information,New Jersey,"106,001"
Information,New Mexico,"13,224"
Information,New York,"275,395"
Information,North Carolina,"76,749"
Information,North Dakota,"4,064"
Information,Ohio,"80,859"
Information,Oklahoma,"24,819"
Information,Oregon,"33,132"
Information,Pennsylvania,"99,331"
Information,Rhode Island,"8,076"
Information,South Carolina,"30,529"
Information,South Dakota,"7,950"
Information,Tennessee,"46,991"
Information,Texas,"207,121"
Information,Utah,"29,417"
Information,Vermont,"5,825"
Information,Virginia,"72,109"
Information,Washington,"82,004"
Information,West Virginia,"8,921"
Information,Wisconsin,"42,317"
Information,Wyoming,"3,236"
"Finance and insurance, and real estate and rental and leasing",Alabama,"121,347"
"Finance and insurance, and real estate and rental and leasing",Alaska,"14,616"
"Finance and insurance, and real estate and rental and leasing",Arizona,"288,887"
"Finance and insurance, and real estate and rental and leasing",Arkansas,"60,990"
"Finance and insurance, and real estate and rental and leasing",California,"1,112,459"
"Finance and insurance, and real estate and rental and leasing",Colorado,"201,489"
"Finance and insurance, and real estate and rental and leasing",Connecticut,"158,570"
"Finance and insurance, and real estate and rental and leasing",Delaware,"44,526"
"Finance and insurance, and real estate and rental and leasing",District of Columbia,"23,473"
"Finance and insurance, and real estate and rental and leasing",Florida,"765,825"
"Finance and insurance, and real estate and rental and leasing",Georgia,"316,808"
"Finance and insurance, and real estate and rental and leasing",Hawaii,"40,725"
"Finance and insurance, and real estate and rental and leasing",Idaho,"46,079"
"Finance and insurance, and real estate and rental and leasing",Illinois,"449,570"
"Finance and insurance, and real estate and rental and leasing",Indiana,"172,897"
"Finance and insurance, and real estate and rental and leasing",Iowa,"120,586"
"Finance and insurance, and real estate and rental and leasing",Kansas,"88,237"
"Finance and insurance, and real estate and rental and leasing",Kentucky,"105,182"
"Finance and insurance, and real estate and rental and leasing",Louisiana,"103,870"
"Finance and insurance, and real estate and rental and leasing",Maine,"40,294"
"Finance and insurance, and real estate and rental and leasing",Maryland,"178,418"
"Finance and insurance, and real estate and rental and leasing",Massachusetts,"260,496"
"Finance and insurance, and real estate and rental and leasing",Michigan,"258,613"
"Finance and insurance, and real estate and rental and leasing",Minnesota,"213,766"
"Finance and insurance, and real estate and rental and leasing",Mississippi,"57,918"
"Finance and insurance, and real estate and rental and leasing",Missouri,"209,157"
"Finance and insurance, and real estate and rental and leasing",Montana,"27,307"
"Finance and insurance, and real estate and rental and leasing",Nebraska,"80,285"
"Finance and insurance, and real estate and rental and leasing",Nevada,"77,299"
"Finance and insurance, and real estate and rental and leasing",New Hampshire,"42,995"
"Finance and insurance, and real estate and rental and leasing",New Jersey,"386,688"
"Finance and insurance, and real estate and rental and leasing",New Mexico,"43,203"
"Finance and insurance, and real estate and rental and leasing",New York,"750,572"
"Finance and insurance, and real estate and rental and leasing",North Carolina,"317,819"
"Finance and insurance, and real estate and rental and leasing",North Dakota,"21,392"
"Finance and insurance, and real estate and rental and leasing",Ohio,"355,688"
"Finance and insurance, and real estate and rental and leasing",Oklahoma,"91,807"
"Finance and insurance, and real estate and rental and leasing",Oregon,"113,123"
"Finance and insurance, and real estate and rental and leasing",Pennsylvania,"404,030"
"Finance and insurance, and real estate and rental and leasing",Rhode Island,"34,998"
"Finance and insurance, and real estate and rental and leasing",South Carolina,"133,071"
"Finance and insurance, and real estate and rental and leasing",South Dakota,"34,208"
"Finance and insurance, and real estate and rental and leasing",Tennessee,"187,185"
"Finance and insurance, and real estate and rental and leasing",Texas,"926,062"
"Finance and insurance, and real estate and rental and leasing",Utah,"118,656"
"Finance and insurance, and real estate and rental and leasing",Vermont,"14,873"
"Finance and insurance, and real estate and rental and leasing",Virginia,"265,509"
"Finance and insurance, and real estate and rental and leasing",Washington,"189,782"
"Finance and insurance, and real estate and rental and leasing",West Virginia,"27,197"
"Finance and insurance, and real estate and rental and leasing",Wisconsin,"186,468"
"Finance and insurance, and real estate and rental and leasing",Wyoming,"12,755"
"Professional, scientific, and management, and administrative and waste management services",Alabama,"207,500"
"Professional, scientific, and management, and administrative and waste management services",Alaska,"30,122"
"Professional, scientific, and management, and administrative and waste management services",Arizona,"414,712"
"Professional, scientific, and management, and administrative and waste management services",Arkansas,"99,249"
"Professional, scientific, and management, and administrative and waste management services",California,"2,700,235"
"Professional, scientific, and management, and administrative and waste management services",Colorado,"451,458"
"Professional, scientific, and management, and administrative and waste management services",Connecticut,"206,887"
"Professional, scientific, and management, and administrative and waste management services",Delaware,"53,698"
"Professional, scientific, and management, and administrative and waste management services",District of Columbia,"95,035"
"Professional, scientific, and management, and administrative and waste management services",Florida,"1,312,510"
"Professional, scientific, and management, and administrative and waste management services",Georgia,"657,129"
"Professional, scientific, and management, and administrative and waste management services",Hawaii,"73,511"
"Professional, scientific, and management, and administrative and waste management services",Idaho,"77,734"
"Professional, scientific, and management, and administrative and waste management services",Illinois,"770,963"
"Professional, scientific, and management, and administrative and waste management services",Indiana,"270,751"
"Professional, scientific, and management, and administrative and waste management services",Iowa,"124,277"
"Professional, scientific, and management, and administrative and waste management services",Kansas,"145,536"
"Professional, scientific, and management, and administrative and waste management services",Kentucky,"171,037"
"Professional, scientific, and management, and administrative and waste management services",Louisiana,"190,462"
"Professional, scientific, and management, and administrative and waste management services",Maine,"62,926"
"Professional, scientific, and management, and administrative and waste management services",Maryland,"495,888"
"Professional, scientific, and management, and administrative and waste management services",Massachusetts,"543,095"
"Professional, scientific, and management, and administrative and waste management services",Michigan,"450,625"
"Professional, scientific, and management, and administrative and waste management services",Minnesota,"302,883"
"Professional, scientific, and management, and administrative and waste management services",Mississippi,"81,667"
"Professional, scientific, and management, and administrative and waste management services",Missouri,"290,337"
"Professional, scientific, and management, and administrative and waste management services",Montana,"46,712"
"Professional, scientific, and management, and administrative and waste management services",Nebraska,"88,188"
"Professional, scientific, and management, and administrative and waste management services",Nevada,"166,013"
"Professional, scientific, and management, and administrative and waste management services",New Hampshire,"82,543"
"Professional, scientific, and management, and administrative and waste management services",New Jersey,"614,332"
"Professional, scientific, and management, and administrative and waste management services",New Mexico,"102,122"
"Professional, scientific, and management, and administrative and waste management services",New York,"1,168,402"
"Professional, scientific, and management, and administrative and waste management services",North Carolina,"553,277"
"Professional, scientific, and management, and administrative and waste management services",North Dakota,"27,056"
"Professional, scientific, and management, and administrative and waste management services",Ohio,"555,205"
"Professional, scientific, and management, and administrative and waste management services",Oklahoma,"160,551"
"Professional, scientific, and management, and administrative and waste management services",Oregon,"224,079"
"Professional, scientific, and management, and administrative and waste management services",Pennsylvania,"668,336"
"Professional, scientific, and management, and administrative and waste management services",Rhode Island,"59,439"
"Professional, scientific, and management, and administrative and waste management services",South Carolina,"241,255"
"Professional, scientific, and management, and administrative and waste management services",South Dakota,"28,834"
"Professional, scientific, and management, and administrative and waste management services",Tennessee,"332,363"
"Professional, scientific, and management, and administrative and waste management services",Texas,"1,619,451"
"Professional, scientific, and management, and administrative and waste management services",Utah,"199,933"
"Professional, scientific, and management, and administrative and waste management services",Vermont,"29,949"
"Professional, scientific, and management, and administrative and waste management services",Virginia,"660,669"
"Professional, scientific, and management, and administrative and waste management services",Washington,"524,363"
"Professional, scientific, and management, and administrative and waste management services",West Virginia,"58,458"
"Professional, scientific, and management, and administrative and waste management services",Wisconsin,"250,290"
"Professional, scientific, and management, and administrative and waste management services",Wyoming,"22,242"
"Educational services, and health care and social assistance",Alabama,"485,064"
"Educational services, and health care and social assistance",Alaska,"82,920"
"Educational services, and health care and social assistance",Arizona,"719,117"
"Educational services, and health care and social assistance",Arkansas,"320,024"
"Educational services, and health care and social assistance",California,"4,037,088"
"Educational services, and health care and social assistance",Colorado,"660,796"
"Educational services, and health care and social assistance",Connecticut,"495,627"
"Educational services, and health care and social assistance",Delaware,"115,059"
"Educational services, and health care and social assistance",District of Columbia,"76,143"
"Educational services, and health care and social assistance",Florida,"2,107,529"
"Educational services, and health care and social assistance",Georgia,"1,041,008"
"Educational services, and health care and social assistance",Hawaii,"144,953"
"Educational services, and health care and social assistance",Idaho,"185,483"
"Educational services, and health care and social assistance",Illinois,"1,473,710"
"Educational services, and health care and social assistance",Indiana,"756,603"
"Educational services, and health care and social assistance",Iowa,"397,983"
"Educational services, and health care and social assistance",Kansas,"358,814"
"Educational services, and health care and social assistance",Kentucky,"492,912"
"Educational services, and health care and social assistance",Louisiana,"501,957"
"Educational services, and health care and social assistance",Maine,"191,600"
"Educational services, and health care and social assistance",Maryland,"738,985"
"Educational services, and health care and social assistance",Massachusetts,"1,029,088"
"Educational services, and health care and social assistance",Michigan,"1,110,708"
"Educational services, and health care and social assistance",Minnesota,"766,947"
"Educational services, and health care and social assistance",Mississippi,"314,264"
"Educational services, and health care and social assistance",Missouri,"711,027"
"Educational services, and health care and social assistance",Montana,"122,596"
"Educational services, and health care and social assistance",Nebraska,"251,998"
"Educational services, and health care and social assistance",Nevada,"239,993"
"Educational services, and health care and social assistance",New Hampshire,"178,615"
"Educational services, and health care and social assistance",New Jersey,"1,092,195"
"Educational services, and health care and social assistance",New Mexico,"233,649"
"Educational services, and health care and social assistance",New York,"2,760,336"
"Educational services, and health care and social assistance",North Carolina,"1,124,949"
"Educational services, and health care and social assistance",North Dakota,"106,695"
"Educational services, and health care and social assistance",Ohio,"1,370,259"
"Educational services, and health care and social assistance",Oklahoma,"412,669"
"Educational services, and health care and social assistance",Oregon,"482,108"
"Educational services, and health care and social assistance",Pennsylvania,"1,658,093"
"Educational services, and health care and social assistance",Rhode Island,"150,465"
"Educational services, and health care and social assistance",South Carolina,"517,037"
"Educational services, and health care and social assistance",South Dakota,"110,604"
"Educational services, and health care and social assistance",Tennessee,"708,343"
"Educational services, and health care and social assistance",Texas,"2,960,937"
"Educational services, and health care and social assistance",Utah,"355,141"
"Educational services, and health care and social assistance",Vermont,"96,487"
"Educational services, and health care and social assistance",Virginia,"949,453"
"Educational services, and health care and social assistance",Washington,"793,033"
"Educational services, and health care and social assistance",West Virginia,"203,741"
"Educational services, and health care and social assistance",Wisconsin,"706,772"
"Educational services, and health care and social assistance",Wyoming,"69,635"
"Arts, entertainment, and recreation, and accommodation and food services",Alabama,"190,962"
"Arts, entertainment, and recreation, and accommodation and food services",Alaska,"27,517"
"Arts, entertainment, and recreation, and accommodation and food services",Arizona,"344,381"
"Arts, entertainment, and recreation, and accommodation and food services",Arkansas,"111,539"
"Arts, entertainment, and recreation, and accommodation and food services",California,"1,966,467"
"Arts, entertainment, and recreation, and accommodation and food services",Colorado,"309,814"
"Arts, entertainment, and recreation, and accommodation and food services",Connecticut,"166,307"
"Arts, entertainment, and recreation, and accommodation and food services",Delaware,"42,793"
"Arts, entertainment, and recreation, and accommodation and food services",District of Columbia,"36,992"
"Arts, entertainment, and recreation, and accommodation and food services",Florida,"1,212,147"
"Arts, entertainment, and recreation, and accommodation and food services",Georgia,"467,762"
"Arts, entertainment, and recreation, and accommodation and food services",Hawaii,"108,628"
"Arts, entertainment, and recreation, and accommodation and food services",Idaho,"86,935"
"Arts, entertainment, and recreation, and accommodation and food services",Illinois,"563,524"
"Arts, entertainment, and recreation, and accommodation and food services",Indiana,"289,104"
"Arts, entertainment, and recreation, and accommodation and food services",Iowa,"117,053"
"Arts, entertainment, and recreation, and accommodation and food services",Kansas,"124,109"
"Arts, entertainment, and recreation, and accommodation and food services",Kentucky,"172,372"
"Arts, entertainment, and recreation, and accommodation and food services",Louisiana,"216,254"
"Arts, entertainment, and recreation, and accommodation and food services",Maine,"61,356"
"Arts, entertainment, and recreation, and accommodation and food services",Maryland,"266,346"
"Arts, entertainment, and recreation, and accommodation and food services",Massachusetts,"319,543"
"Arts, entertainment, and recreation, and accommodation and food services",Michigan,"471,380"
"Arts, entertainment, and recreation, and accommodation and food services",Minnesota,"240,430"
"Arts, entertainment, and recreation, and accommodation and food services",Mississippi,"120,932"
"Arts, entertainment, and recreation, and accommodation and food services",Missouri,"269,268"
"Arts, entertainment, and recreation, and accommodation and food services",Montana,"57,028"
"Arts, entertainment, and recreation, and accommodation and food services",Nebraska,"73,293"
"Arts, entertainment, and recreation, and accommodation and food services",Nevada,"343,118"
"Arts, entertainment, and recreation, and accommodation and food services",New Hampshire,"64,488"
"Arts, entertainment, and recreation, and accommodation and food services",New Jersey,"358,343"
"Arts, entertainment, and recreation, and accommodation and food services",New Mexico,"99,215"
"Arts, entertainment, and recreation, and accommodation and food services",New York,"906,635"
"Arts, entertainment, and recreation, and accommodation and food services",North Carolina,"493,144"
"Arts, entertainment, and recreation, and accommodation and food services",North Dakota,"32,241"
"Arts, entertainment, and recreation, and accommodation and food services",Ohio,"516,616"
"Arts, entertainment, and recreation, and accommodation and food services",Oklahoma,"177,489"
"Arts, entertainment, and recreation, and accommodation and food services",Oregon,"207,140"
"Arts, entertainment, and recreation, and accommodation and food services",Pennsylvania,"516,556"
"Arts, entertainment, and recreation, and accommodation and food services",Rhode Island,"56,927"
"Arts, entertainment, and recreation, and accommodation and food services",South Carolina,"254,905"
"Arts, entertainment, and recreation, and accommodation and food services",South Dakota,"43,233"
"Arts, entertainment, and recreation, and accommodation and food services",Tennessee,"317,107"
"Arts, entertainment, and recreation, and accommodation and food services",Texas,"1,267,657"
"Arts, entertainment, and recreation, and accommodation and food services",Utah,"141,054"
"Arts, entertainment, and recreation, and accommodation and food services",Vermont,"32,805"
"Arts, entertainment, and recreation, and accommodation and food services",Virginia,"383,199"
"Arts, entertainment, and recreation, and accommodation and food services",Washington,"339,811"
"Arts, entertainment, and recreation, and accommodation and food services",West Virginia,"68,321"
"Arts, entertainment, and recreation, and accommodation and food services",Wisconsin,"253,135"
"Arts, entertainment, and recreation, and accommodation and food services",Wyoming,"27,200"
"Other services, except public administration",Alabama,"103,773"
"Other services, except public administration",Alaska,"17,331"
"Other services, except public administration",Arizona,"150,817"
"Other services, except public administration",Arkansas,"61,712"
"Other services, except public administration",California,"960,853"
"Other services, except public administration",Colorado,"151,008"
"Other services, except public administration",Connecticut,"84,644"
"Other services, except public administration",Delaware,"18,676"
"Other services, except public administration",District of Columbia,"34,950"
"Other services, except public administration",Florida,"514,069"
"Other services, except public administration",Georgia,"234,358"
"Other services, except public administration",Hawaii,"28,607"
"Other services, except public administration",Idaho,"37,121"
"Other services, except public administration",Illinois,"290,100"
"Other services, except public administration",Indiana,"148,114"
"Other services, except public administration",Iowa,"65,564"
"Other services, except public administration",Kansas,"62,801"
"Other services, except public administration",Kentucky,"83,726"
"Other services, except public administration",Louisiana,"97,728"
"Other services, except public administration",Maine,"28,996"
"Other services, except public administration",Maryland,"177,118"
"Other services, except public administration",Massachusetts,"156,369"
"Other services, except public administration",Michigan,"224,808"
"Other services, except public administration",Minnesota,"131,930"
"Other services, except public administration",Mississippi,"60,999"
"Other services, except public administration",Missouri,"134,349"
"Other services, except public administration",Montana,"24,296"
"Other services, except public administration",Nebraska,"46,201"
"Other services, except public administration",Nevada,"70,167"
"Other services, except public administration",New Hampshire,"29,069"
"Other services, except public administration",New Jersey,"186,454"
"Other services, except public administration",New Mexico,"52,842"
"Other services, except public administration",New York,"428,369"
"Other services, except public administration",North Carolina,"236,598"
"Other services, except public administration",North Dakota,"18,281"
"Other services, except public administration",Ohio,"252,293"
"Other services, except public administration",Oklahoma,"91,478"
"Other services, except public administration",Oregon,"89,204"
"Other services, except public administration",Pennsylvania,"296,952"
"Other services, except public administration",Rhode Island,"22,914"
"Other services, except public administration",South Carolina,"117,000"
"Other services, except public administration",South Dakota,"19,954"
"Other services, except public administration",Tennessee,"156,954"
"Other services, except public administration",Texas,"721,350"
"Other services, except public administration",Utah,"70,196"
"Other services, except public administration",Vermont,"13,766"
"Other services, except public administration",Virginia,"223,543"
"Other services, except public administration",Washington,"179,315"
"Other services, except public administration",West Virginia,"33,852"
"Other services, except public administration",Wisconsin,"129,846"
"Other services, except public administration",Wyoming,"12,639"
Public administration,Alabama,"117,345"
Public administration,Alaska,"32,741"
Public administration,Arizona,"152,069"
Public administration,Arkansas,"61,454"
Public administration,California,"855,686"
Public administration,Colorado,"133,181"
Public administration,Connecticut,"62,081"
Public administration,Delaware,"25,415"
Public administration,District of Columbia,"62,355"
Public administration,Florida,"398,610"
Public administration,Georgia,"221,265"
Public administration,Hawaii,"53,614"
Public administration,Idaho,"39,468"
Public administration,Illinois,"228,156"
Public administration,Indiana,"115,948"
Public administration,Iowa,"50,002"
Public administration,Kansas,"65,056"
Public administration,Kentucky,"80,929"
Public administration,Louisiana,"104,904"
Public administration,Maine,"31,222"
Public administration,Maryland,"333,192"
Public administration,Massachusetts,"136,832"
Public administration,Michigan,"154,816"
Public administration,Minnesota,"106,903"
Public administration,Mississippi,"60,934"
Public administration,Missouri,"127,384"
Public administration,Montana,"29,742"
Public administration,Nebraska,"40,978"
Public administration,Nevada,"59,018"
Public administration,New Hampshire,"26,309"
Public administration,New Jersey,"188,440"
Public administration,New Mexico,"65,545"
Public administration,New York,"442,533"
Public administration,North Carolina,"193,000"
Public administration,North Dakota,"19,469"
Public administration,Ohio,"219,421"
Public administration,Oklahoma,"108,641"
Public administration,Oregon,"94,671"
Public administration,Pennsylvania,"239,902"
Public administration,Rhode Island,"22,319"
Public administration,South Carolina,"101,520"
Public administration,South Dakota,"20,064"
Public administration,Tennessee,"131,656"
Public administration,Texas,"529,460"
Public administration,Utah,"73,289"
Public administration,Vermont,"16,002"
Public administration,Virginia,"354,911"
Public administration,Washington,"187,653"
Public administration,West Virginia,"48,877"
Public administration,Wisconsin,"98,315"
Public administration,Wyoming,"16,995"
